target,uniprot,pdb_id,chain,matched_residues,sequence_identity,ca_rmsd_angstrom,median_ca_error_angstrom,fraction_within_2a,fraction_within_5a,mean_plddt,spearman_plddt_vs_negative_error,spearman_pvalue
hemoglobin_alpha,P69905,1A3N,A,141,1.0,0.2697832925375299,0.22045725644129768,1.0,1.0,98.2955319148936,0.24175738508144903,0.0038754624523365897
hemoglobin_beta,P68871,1A3N,B,145,1.0,0.5196952732909543,0.4533942495255303,1.0,1.0,97.54972413793102,0.3528464907463435,1.3434576915169116e-05
myoglobin,P02144,3RGK,A,147,0.9865771812080537,0.5014289015281062,0.3099979869829569,0.9931972789115646,1.0,97.71482993197279,0.28297298728261794,0.0005149918732551986
