target,uniprot,pdb_id,chain,experimental_method,experimental_resolution_angstrom,predicted_residues,experimental_residues,matched_residues,predicted_sequence_coverage,experimental_sequence_coverage,sequence_identity,ca_rmsd_angstrom,ca_rmsd_ci95_low,ca_rmsd_ci95_high,high_confidence_residues,high_confidence_ca_rmsd_angstrom,high_confidence_ca_rmsd_ci95_low,high_confidence_ca_rmsd_ci95_high,median_ca_error_angstrom,fraction_within_2a,fraction_within_5a,mean_plddt,spearman_plddt_vs_negative_error,spearman_pvalue
hemoglobin_alpha,P69905,1A3N,A,x-ray diffraction,1.8,142,141,141,0.9929577464788732,1.0,1.0,0.2697832925375299,0.22327318124542062,0.2836157310646068,141,0.2697832925375299,0.22150538156312533,0.2846626733686132,0.22045725644129768,1.0,1.0,98.2955319148936,0.24175738508144903,0.0038754624523365897
hemoglobin_beta,P68871,1A3N,B,x-ray diffraction,1.8,147,145,145,0.9863945578231292,1.0,1.0,0.5196952732909543,0.4453813229197035,0.6015156303209107,145,0.5196952732909543,0.44622147987953104,0.5965734205369299,0.4533942495255303,1.0,1.0,97.54972413793102,0.3528464907463435,1.3434576915169116e-05
myoglobin,P02144,3RGK,A,x-ray diffraction,1.65,154,149,147,0.9545454545454546,0.9865771812080537,0.9865771812080537,0.5014289015281062,0.35649604947293373,0.6284877929059369,147,0.5014289015281062,0.3595538843447559,0.6330891690457753,0.3099979869829569,0.9931972789115646,1.0,97.71482993197279,0.28297298728261794,0.0005149918732551986
